sentence,sentiment
giảng viên hay đi trễ không hướng dẫn dẫn sinh viên về nội dung thực hành cũng không quan sát theo dõi quá trình thực hành của sinh viên các câu trả lời chưa giải đáp được thắc mắc của sinh viên,0
giảng viên hay đi trễ không hướng dẫn dẫn sinh viên về nội dung thực hành cũng không quan sát theo dõi quá trình thực hành của sinh viên các câu trả lời chưa giải đáp được thắc mắc của sinh viên,0
giảng viên hay đi trễ không hướng dẫn dẫn sinh viên về nội dung thực hành cũng không quan sát theo dõi quá trình thực hành của sinh viên các câu trả lời chưa giải đáp được thắc mắc của sinh viên,0
mong giảng viên chủ động trong việc truyền đạt kiến thức hơn tránh trường hợp đợi hỏi mới trả lời vì sinh viên làm sao biết cái mình cần hỏi đề hỏi khi lực học mới chỉ ở mức trung bình,0
mong giảng viên chủ động trong việc truyền đạt kiến thức hơn tránh trường hợp đợi hỏi mới trả lời vì sinh viên làm sao biết cái mình cần hỏi đề hỏi khi lực học mới chỉ ở mức trung bình,0
mong giảng viên chủ động trong việc truyền đạt kiến thức hơn tránh trường hợp đợi hỏi mới trả lời vì sinh viên làm sao biết cái mình cần hỏi đề hỏi khi lực học mới chỉ ở mức trung bình,0
ra đề thi giữa kỳ không đúng với nội dung dặn trước dặn ko có vertical fragmentation mà thi vẫn có 1 câu chiếm khoảng 40 số điểm có lẽ người ra đề với thầy dạy khác nhau và không thống nhất,0
ra đề thi giữa kỳ không đúng với nội dung dặn trước dặn ko có vertical fragmentation mà thi vẫn có 1 câu chiếm khoảng 40 số điểm có lẽ người ra đề với thầy dạy khác nhau và không thống nhất,0
ra đề thi giữa kỳ không đúng với nội dung dặn trước dặn ko có vertical fragmentation mà thi vẫn có 1 câu chiếm khoảng 40 số điểm có lẽ người ra đề với thầy dạy khác nhau và không thống nhất,0
thầy không có kiến thức sư phạm không thẻ truyền đạt một cách dễ hiểu slide của thầy hoặc không phải của thầy dạy bao nhiêu năm rồi mà chưa dịch hoàn chỉnh hay dịch như translate của google,0
